{
	"partitions" : [
		{
			"name" : "Top",
			"pins" : [
				{
					"name" : "seg00",
					"strict" : false
				},
				{
					"name" : "seg01",
					"strict" : false
				},
				{
					"name" : "seg02",
					"strict" : false
				},
				{
					"name" : "seg03",
					"strict" : false
				},
				{
					"name" : "seg04",
					"strict" : false
				},
				{
					"name" : "seg05",
					"strict" : false
				},
				{
					"name" : "seg06",
					"strict" : false
				},
				{
					"name" : "seg10",
					"strict" : false
				},
				{
					"name" : "seg11",
					"strict" : false
				},
				{
					"name" : "seg12",
					"strict" : false
				},
				{
					"name" : "seg13",
					"strict" : false
				},
				{
					"name" : "seg14",
					"strict" : false
				},
				{
					"name" : "seg15",
					"strict" : false
				},
				{
					"name" : "seg16",
					"strict" : false
				},
				{
					"name" : "seg23",
					"strict" : false
				},
				{
					"name" : "seg26",
					"strict" : false
				},
				{
					"name" : "seg31",
					"strict" : false
				},
				{
					"name" : "seg34",
					"strict" : false
				},
				{
					"name" : "seg36",
					"strict" : false
				},
				{
					"name" : "seg40",
					"strict" : false
				},
				{
					"name" : "seg43",
					"strict" : false
				},
				{
					"name" : "seg44",
					"strict" : false
				},
				{
					"name" : "seg45",
					"strict" : false
				},
				{
					"name" : "IN0",
					"strict" : false
				},
				{
					"name" : "IN2",
					"strict" : false
				},
				{
					"name" : "IN3",
					"strict" : false
				},
				{
					"name" : "IN1",
					"strict" : false
				},
				{
					"name" : "IN6",
					"strict" : false
				},
				{
					"name" : "IN4",
					"strict" : false
				},
				{
					"name" : "IN7",
					"strict" : false
				},
				{
					"name" : "IN5",
					"strict" : false
				},
				{
					"name" : "reset",
					"strict" : false
				},
				{
					"name" : "Push0",
					"strict" : false
				},
				{
					"name" : "Push1",
					"strict" : false
				},
				{
					"name" : "SW2",
					"strict" : false
				},
				{
					"name" : "SW1",
					"strict" : false
				},
				{
					"name" : "SW3",
					"strict" : false
				},
				{
					"name" : "SW0",
					"strict" : false
				},
				{
					"name" : "CLK",
					"strict" : false
				}
			]
		}
	]
}