{
	"partitions" : [
		{
			"name" : "Top",
			"pins" : [
				{
					"name" : "OUT[3]",
					"strict" : false
				},
				{
					"name" : "OUT[2]",
					"strict" : false
				},
				{
					"name" : "OUT[1]",
					"strict" : false
				},
				{
					"name" : "OUT[0]",
					"strict" : false
				},
				{
					"name" : "IN[3]",
					"strict" : false
				},
				{
					"name" : "CLK",
					"strict" : false
				},
				{
					"name" : "CLRN",
					"strict" : false
				},
				{
					"name" : "LOAD",
					"strict" : false
				},
				{
					"name" : "IN[2]",
					"strict" : false
				},
				{
					"name" : "IN[1]",
					"strict" : false
				},
				{
					"name" : "IN[0]",
					"strict" : false
				}
			]
		}
	]
}