{
	"partitions" : [
		{
			"name" : "Top",
			"pins" : [
				{
					"name" : "N",
					"strict" : false
				},
				{
					"name" : "A",
					"strict" : false
				},
				{
					"name" : "B",
					"strict" : false
				},
				{
					"name" : "C",
					"strict" : false
				},
				{
					"name" : "D",
					"strict" : false
				},
				{
					"name" : "E",
					"strict" : false
				},
				{
					"name" : "F",
					"strict" : false
				},
				{
					"name" : "G",
					"strict" : false
				},
				{
					"name" : "AA",
					"strict" : false
				},
				{
					"name" : "AB",
					"strict" : false
				},
				{
					"name" : "AC",
					"strict" : false
				},
				{
					"name" : "AD",
					"strict" : false
				},
				{
					"name" : "AE",
					"strict" : false
				},
				{
					"name" : "AF",
					"strict" : false
				},
				{
					"name" : "AG",
					"strict" : false
				},
				{
					"name" : "LD0",
					"strict" : false
				},
				{
					"name" : "LD1",
					"strict" : false
				},
				{
					"name" : "LD2",
					"strict" : false
				},
				{
					"name" : "LD3",
					"strict" : false
				},
				{
					"name" : "LD4",
					"strict" : false
				},
				{
					"name" : "LD5",
					"strict" : false
				},
				{
					"name" : "LD6",
					"strict" : false
				},
				{
					"name" : "LD7",
					"strict" : false
				},
				{
					"name" : "LD9",
					"strict" : false
				},
				{
					"name" : "LD10",
					"strict" : false
				},
				{
					"name" : "LD11",
					"strict" : false
				},
				{
					"name" : "LD12",
					"strict" : false
				},
				{
					"name" : "LD13",
					"strict" : false
				},
				{
					"name" : "LD14",
					"strict" : false
				},
				{
					"name" : "LD15",
					"strict" : false
				},
				{
					"name" : "LD16",
					"strict" : false
				},
				{
					"name" : "LD17",
					"strict" : false
				},
				{
					"name" : "LD18",
					"strict" : false
				},
				{
					"name" : "LD19",
					"strict" : false
				},
				{
					"name" : "LD20",
					"strict" : false
				},
				{
					"name" : "LD21",
					"strict" : false
				},
				{
					"name" : "LD22",
					"strict" : false
				},
				{
					"name" : "LD23",
					"strict" : false
				},
				{
					"name" : "LD24",
					"strict" : false
				},
				{
					"name" : "LD25",
					"strict" : false
				},
				{
					"name" : "LD26",
					"strict" : false
				},
				{
					"name" : "LD27",
					"strict" : false
				},
				{
					"name" : "LD8",
					"strict" : false
				},
				{
					"name" : "IN7",
					"strict" : false
				},
				{
					"name" : "IN0",
					"strict" : false
				},
				{
					"name" : "IN1",
					"strict" : false
				},
				{
					"name" : "IN2",
					"strict" : false
				},
				{
					"name" : "IN3",
					"strict" : false
				},
				{
					"name" : "IN4",
					"strict" : false
				},
				{
					"name" : "IN6",
					"strict" : false
				},
				{
					"name" : "IN5",
					"strict" : false
				},
				{
					"name" : "Push0",
					"strict" : false
				},
				{
					"name" : "reset",
					"strict" : false
				},
				{
					"name" : "Push1",
					"strict" : false
				},
				{
					"name" : "CLK",
					"strict" : false
				}
			]
		}
	]
}